,now,doc,size(MB),storageSize(MB),chunk,insert_per_10sec
0,2016-03-25 15:11:14,0,,,0,0
1,2016-03-25 15:11:24,0,,,0,0
2,2016-03-25 15:11:35,146915,34.0,9.0,0,146915
3,2016-03-25 15:11:45,238421,56.0,13.0,0,91506
4,2016-03-25 15:11:55,480129,113.0,30.0,0,241708
5,2016-03-25 15:12:05,566150,134.0,37.0,0,86021
6,2016-03-25 15:12:15,764173,181.0,53.0,0,198023
7,2016-03-25 15:12:26,928502,220.0,62.0,0,164329
8,2016-03-25 15:12:36,1055704,251.0,74.0,0,127202
9,2016-03-25 15:12:46,1225613,290.0,85.0,0,169909
10,2016-03-25 15:12:56,1315611,311.0,90.0,0,89998
11,2016-03-25 15:13:07,1478167,351.0,104.0,0,162556
12,2016-03-25 15:13:17,1654207,392.0,116.0,0,176040
13,2016-03-25 15:13:27,1832820,434.0,127.0,0,178613
14,2016-03-25 15:13:38,1957674,464.0,136.0,0,124854
15,2016-03-25 15:13:48,2106329,499.0,148.0,0,148655
16,2016-03-25 15:13:58,2301089,546.0,162.0,0,194760
17,2016-03-25 15:14:08,2446732,580.0,171.0,0,145643
18,2016-03-25 15:14:19,2590338,614.0,181.0,0,143606
19,2016-03-25 15:14:29,2709461,642.0,190.0,0,119123
20,2016-03-25 15:14:39,2875576,682.0,201.0,0,166115
21,2016-03-25 15:14:49,3060451,726.0,215.0,0,184875
22,2016-03-25 15:15:00,3187425,755.0,222.0,0,126974
23,2016-03-25 15:15:10,3369358,799.0,234.0,0,181933
24,2016-03-25 15:15:20,3481250,825.0,243.0,0,111892
25,2016-03-25 15:15:30,3653644,866.0,257.0,0,172394
26,2016-03-25 15:15:40,3827101,907.0,269.0,0,173457
27,2016-03-25 15:15:51,3949525,936.0,278.0,0,122424
28,2016-03-25 15:16:01,4094399,970.0,287.0,0,144874
29,2016-03-25 15:16:11,4213562,998.0,297.0,0,119163
30,2016-03-25 15:16:21,4397015,1042.0,308.0,0,183453
31,2016-03-25 15:16:32,4532665,1074.0,318.0,0,135650
32,2016-03-25 15:16:42,4706855,1115.0,331.0,0,174190
33,2016-03-25 15:16:52,4855032,1151.0,341.0,0,148177
34,2016-03-25 15:17:02,4970429,1178.0,350.0,0,115397
35,2016-03-25 15:17:13,5132849,1217.0,362.0,0,162420
36,2016-03-25 15:17:23,5332123,1264.0,376.0,0,199274
37,2016-03-25 15:17:33,5436579,1289.0,383.0,0,104456
38,2016-03-25 15:17:43,5619013,1332.0,394.0,0,182434
39,2016-03-25 15:17:53,5760659,1365.0,406.0,0,141646
40,2016-03-25 15:18:04,5881012,1394.0,413.0,0,120353
41,2016-03-25 15:18:14,6031153,1429.0,424.0,0,150141
42,2016-03-25 15:18:24,6167956,1462.0,434.0,0,136803
43,2016-03-25 15:18:34,6318239,1498.0,445.0,0,150283
44,2016-03-25 15:18:45,6506663,1542.0,457.0,0,188424
45,2016-03-25 15:18:55,6599982,1564.0,464.0,0,93319
46,2016-03-25 15:19:05,6755735,1601.0,475.0,0,155753
47,2016-03-25 15:19:15,6911488,1638.0,487.0,0,155753
48,2016-03-25 15:19:26,7081233,1678.0,499.0,0,169745
49,2016-03-25 15:19:36,7209047,1709.0,508.0,0,127814
50,2016-03-25 15:19:46,7365078,1746.0,517.0,0,156031
51,2016-03-25 15:19:56,7514951,1781.0,529.0,0,149873
52,2016-03-25 15:20:07,7702411,1826.0,543.0,0,187460
53,2016-03-25 15:20:17,7871388,1866.0,554.0,0,168977
54,2016-03-25 15:20:27,7985466,1894.0,561.0,0,114078
55,2016-03-25 15:20:37,8144512,1930.0,573.0,0,159046
56,2016-03-25 15:20:47,8287050,1964.0,582.0,0,142538
57,2016-03-25 15:20:58,8440810,2001.0,594.0,0,153760
58,2016-03-25 15:21:08,8580734,2034.0,603.0,0,139924
59,2016-03-25 15:21:18,8751873,2074.0,615.0,0,171139
60,2016-03-25 15:21:28,8905708,2111.0,626.0,0,153835
61,2016-03-25 15:21:39,9073158,2151.0,638.0,0,167450
62,2016-03-25 15:21:49,9166477,2173.0,645.0,0,93319
63,2016-03-25 15:21:59,9345817,2215.0,659.0,0,179340
64,2016-03-25 15:22:09,9463856,2243.0,666.0,0,118039
65,2016-03-25 15:22:20,9592328,2274.0,675.0,0,128472
66,2016-03-25 15:22:30,9809036,2325.0,691.0,0,216708
67,2016-03-25 15:22:40,9920021,2352.0,698.0,0,110985
68,2016-03-25 15:22:50,10113383,2398.0,712.0,0,193362
69,2016-03-25 15:23:01,10226211,2424.0,719.0,0,112828
70,2016-03-25 15:23:11,10384333,2462.0,731.0,0,158122
71,2016-03-25 15:23:21,10524714,2495.0,740.0,0,140381
72,2016-03-25 15:23:31,10696252,2535.0,754.0,0,171538
73,2016-03-25 15:23:42,10827388,2567.0,763.0,0,131136
74,2016-03-25 15:23:52,10981457,2603.0,773.0,0,154069
75,2016-03-25 15:24:02,11127886,2638.0,784.0,0,146429
76,2016-03-25 15:24:12,11319939,2684.0,798.0,0,192053
77,2016-03-25 15:24:22,11493908,2725.0,810.0,0,173969
78,2016-03-25 15:24:33,11615443,2753.0,819.0,0,121535
79,2016-03-25 15:24:43,11730722,2781.0,826.0,0,115279
80,2016-03-25 15:24:53,11849920,2809.0,835.0,0,119198
81,2016-03-25 15:25:03,12007011,2846.0,845.0,0,157091
82,2016-03-25 15:25:13,12213294,2895.0,861.0,0,206283
83,2016-03-25 15:25:24,12335730,2924.0,868.0,0,122436
84,2016-03-25 15:25:34,12483765,2959.0,879.0,0,148035
85,2016-03-25 15:25:44,12696316,3010.0,893.0,0,212551
86,2016-03-25 15:25:54,12823374,3040.0,903.0,0,127058
87,2016-03-25 15:26:05,12967853,3074.0,914.0,0,144479
88,2016-03-25 15:26:15,13120376,3110.0,923.0,0,152523
89,2016-03-25 15:26:25,13273912,3147.0,935.0,0,153536
90,2016-03-25 15:26:35,13435658,3186.0,947.0,0,161746
91,2016-03-25 15:26:46,13610665,3226.0,958.0,0,175007
92,2016-03-25 15:26:56,13702519,3248.0,965.0,0,91854
93,2016-03-25 15:27:06,13889661,3293.0,979.0,0,187142
94,2016-03-25 15:27:16,14029552,3326.0,988.0,0,139891
95,2016-03-25 15:27:27,14176298,3361.0,998.0,0,146746
96,2016-03-25 15:27:37,14295429,3389.0,1007.0,0,119131
97,2016-03-25 15:27:47,14443850,3424.0,1016.0,0,148421
98,2016-03-25 15:27:57,14594006,3460.0,1028.0,0,150156
99,2016-03-25 15:28:08,14720559,3490.0,1037.0,0,126553
100,2016-03-25 15:28:18,14879487,3527.0,1049.0,0,158928
101,2016-03-25 15:28:28,15046899,3567.0,1060.0,0,167412
102,2016-03-25 15:28:38,15176911,3598.0,1070.0,0,130012
103,2016-03-25 15:28:49,15347643,3638.0,1081.0,0,170732
104,2016-03-25 15:28:59,15488008,3672.0,1091.0,0,140365
105,2016-03-25 15:29:09,15680817,3717.0,1105.0,0,192809
106,2016-03-25 15:29:19,15832269,3753.0,1116.0,0,151452
107,2016-03-25 15:29:29,15950034,3781.0,1123.0,0,117765
108,2016-03-25 15:29:40,16102104,3817.0,1135.0,0,152070
109,2016-03-25 15:29:50,16247488,3852.0,1144.0,0,145384
110,2016-03-25 15:30:00,16374960,3882.0,1153.0,0,127472
111,2016-03-25 15:30:10,16501513,3912.0,1163.0,0,126553
112,2016-03-25 15:30:21,16706697,3960.0,1177.0,0,205184
113,2016-03-25 15:30:31,16821415,3988.0,1186.0,0,114718
114,2016-03-25 15:30:41,17006364,4032.0,1198.0,0,184949
115,2016-03-25 15:30:51,17129239,4061.0,1207.0,0,122875
116,2016-03-25 15:31:02,17303257,4102.0,1218.0,0,174018
117,2016-03-25 15:31:12,17467968,4141.0,1228.0,0,164711
118,2016-03-25 15:31:22,17631423,4180.0,1241.0,0,163455
119,2016-03-25 15:31:32,17778293,4215.0,1251.0,0,146870
120,2016-03-25 15:31:42,17946059,4254.0,1268.0,0,167766
121,2016-03-25 15:31:53,18106461,4293.0,1275.0,0,160402
122,2016-03-25 15:32:03,18277865,4333.0,1291.0,0,171404
123,2016-03-25 15:32:13,18398981,4362.0,1293.0,0,121116
124,2016-03-25 15:32:23,18519937,4390.0,1307.0,0,120956
125,2016-03-25 15:32:34,18706135,4435.0,1316.0,0,186198
126,2016-03-25 15:32:44,18848673,4468.0,1330.0,0,142538
127,2016-03-25 15:32:54,18998655,4505.0,1340.0,0,149982
128,2016-03-25 15:33:04,19182822,4548.0,1351.0,0,184167
129,2016-03-25 15:33:15,19299474,4575.0,1363.0,0,116652
130,2016-03-25 15:33:25,19450298,4611.0,1372.0,0,150824
131,2016-03-25 15:33:35,19675027,4664.0,1388.0,0,224729
132,2016-03-25 15:33:45,19797425,4694.0,1394.0,0,122398
133,2016-03-25 15:33:56,19931757,4725.0,1394.0,0,134332
134,2016-03-25 15:34:06,20114773,4769.0,1416.0,0,183016
135,2016-03-25 15:34:16,20319791,4817.0,1434.0,0,205018
136,2016-03-25 15:34:26,20446382,4847.0,1441.0,0,126591
137,2016-03-25 15:34:36,20601243,4884.0,1453.0,0,154861
138,2016-03-25 15:34:47,20749322,4920.0,1465.0,0,148079
139,2016-03-25 15:34:57,20931062,4962.0,1474.0,0,181740
140,2016-03-25 15:35:07,21083195,4998.0,1488.0,0,152133
141,2016-03-25 15:35:17,21245902,5037.0,1502.0,0,162707
142,2016-03-25 15:35:28,21384112,5069.0,1509.0,0,138210
143,2016-03-25 15:35:38,21534550,5105.0,1520.0,0,150438
144,2016-03-25 15:35:48,21665687,5136.0,1527.0,0,131137
145,2016-03-25 15:35:58,21808225,5170.0,1539.0,0,142538
146,2016-03-25 15:36:09,21934778,5200.0,1548.0,0,126553
147,2016-03-25 15:36:19,22108945,5241.0,1562.0,0,174167
148,2016-03-25 15:36:29,22261538,5277.0,1569.0,0,152593
149,2016-03-25 15:36:39,22402157,5311.0,1578.0,0,140619
150,2016-03-25 15:36:50,22558707,5348.0,1591.0,0,156550
151,2016-03-25 15:37:00,22773318,5399.0,1603.0,0,214611
152,2016-03-25 15:37:10,22915230,5433.0,1615.0,0,141912
153,2016-03-25 15:37:20,22981535,5448.0,1615.0,0,66305
154,2016-03-25 15:37:30,23207280,5502.0,1636.0,0,225745
155,2016-03-25 15:37:41,23355066,5537.0,1647.0,0,147786
156,2016-03-25 15:37:51,23504426,5573.0,1659.0,0,149360
157,2016-03-25 15:38:01,23628201,5602.0,1666.0,0,123775
158,2016-03-25 15:38:11,23756458,5632.0,1671.0,0,128257
159,2016-03-25 15:38:22,23949239,5678.0,1687.0,0,192781
160,2016-03-25 15:38:32,24101304,5714.0,1701.0,0,152065
161,2016-03-25 15:38:42,24238182,5746.0,1710.0,0,136878
162,2016-03-25 15:38:52,24391942,5783.0,1719.0,0,153760
163,2016-03-25 15:39:03,24523079,5814.0,1728.0,0,131137
164,2016-03-25 15:39:13,24691294,5854.0,1742.0,0,168215
165,2016-03-25 15:39:23,24862635,5895.0,1752.0,0,171341
166,2016-03-25 15:39:34,24997585,5926.0,1763.0,0,134950
167,2016-03-25 15:39:44,25176701,5969.0,1777.0,0,179116
168,2016-03-25 15:39:55,25304545,5999.0,1784.0,0,127844
169,2016-03-25 15:40:05,25447998,6033.0,1793.0,0,143453
170,2016-03-25 15:40:15,25598029,6069.0,1805.0,0,150031
171,2016-03-25 15:40:25,25729573,6100.0,1809.0,0,131544
172,2016-03-25 15:40:35,25877994,6135.0,1823.0,0,148421
173,2016-03-25 15:40:46,26018829,6169.0,1835.0,0,140835
174,2016-03-25 15:40:56,26181400,6207.0,1844.0,0,162571
175,2016-03-25 15:41:06,26297241,6234.0,1853.0,0,115841
176,2016-03-25 15:41:16,26469866,6275.0,1867.0,0,172625
177,2016-03-25 15:41:27,26667934,6322.0,1881.0,0,198068
178,2016-03-25 15:41:37,26747774,6341.0,1886.0,0,79840
179,2016-03-25 15:41:47,26912589,6381.0,1897.0,0,164815
180,2016-03-25 15:41:57,27057244,6414.0,1907.0,0,144655
181,2016-03-25 15:42:07,27230287,6456.0,1921.0,0,173043
182,2016-03-25 15:42:18,27397047,6496.0,1923.0,0,166760
183,2016-03-25 15:42:28,27501940,6520.0,1934.0,0,104893
184,2016-03-25 15:42:38,27703949,6568.0,1955.0,0,202009
185,2016-03-25 15:42:48,27808125,6593.0,1962.0,0,104176
186,2016-03-25 15:42:59,27991143,6636.0,1976.0,0,183018
187,2016-03-25 15:43:09,28141051,6672.0,1985.0,0,149908
188,2016-03-25 15:43:19,28290622,6707.0,1995.0,0,149571
189,2016-03-25 15:43:29,28432675,6741.0,2006.0,0,142053
190,2016-03-25 15:43:39,28563655,6772.0,2013.0,0,130980
191,2016-03-25 15:43:50,28719404,6809.0,2025.0,0,155749
192,2016-03-25 15:44:00,28873164,6845.0,2036.0,0,153760
193,2016-03-25 15:44:10,28995111,6874.0,2046.0,0,121947
194,2016-03-25 15:44:20,29183982,6919.0,2062.0,0,188871
195,2016-03-25 15:44:31,29351315,6958.0,2062.0,0,167333
196,2016-03-25 15:44:41,29496282,6993.0,2078.0,0,144967
197,2016-03-25 15:44:51,29620916,7022.0,2089.0,0,124634
198,2016-03-25 15:45:01,29775428,7059.0,2099.0,0,154512
199,2016-03-25 15:45:12,29927152,7095.0,2113.0,0,151724
200,2016-03-25 15:45:22,30131609,7144.0,2126.0,0,204457
201,2016-03-25 15:45:32,30220754,7165.0,2133.0,0,89145
202,2016-03-25 15:45:43,30393037,7206.0,2140.0,0,172283
203,2016-03-25 15:45:53,30550348,7243.0,2152.0,0,157311
204,2016-03-25 15:46:03,30723090,7284.0,2166.0,0,172742
205,2016-03-25 15:46:13,30820744,7307.0,2175.0,0,97654
206,2016-03-25 15:46:23,31039150,7359.0,2187.0,0,218406
207,2016-03-25 15:46:34,31167327,7389.0,2198.0,0,128177
208,2016-03-25 15:46:44,31306368,7422.0,2207.0,0,139041
209,2016-03-25 15:46:54,31427325,7451.0,2217.0,0,120957
210,2016-03-25 15:47:05,31604136,7493.0,2228.0,0,176811
211,2016-03-25 15:47:15,31728005,7522.0,2235.0,0,123869
212,2016-03-25 15:47:25,31906842,7564.0,2251.0,0,178837
213,2016-03-25 15:47:35,32058913,7600.0,2263.0,0,152071
214,2016-03-25 15:47:45,32220016,7639.0,2275.0,0,161103
215,2016-03-25 15:47:56,32402682,7682.0,2286.0,0,182666
216,2016-03-25 15:48:06,32527317,7711.0,2295.0,0,124635
217,2016-03-25 15:48:16,32638116,7738.0,2302.0,0,110799
218,2016-03-25 15:48:26,32813479,7780.0,2316.0,0,175363
219,2016-03-25 15:48:37,32988810,7821.0,2328.0,0,175331
220,2016-03-25 15:48:47,33089488,7845.0,2335.0,0,100678
221,2016-03-25 15:48:57,33259387,7885.0,2349.0,0,169899
222,2016-03-25 15:49:07,33450658,7930.0,2354.0,0,191271
223,2016-03-25 15:49:18,33579286,7961.0,2370.0,0,128628
224,2016-03-25 15:49:28,33701463,7990.0,2374.0,0,122177
225,2016-03-25 15:49:38,33834016,8021.0,2386.0,0,132553
226,2016-03-25 15:49:48,33967511,8053.0,2397.0,0,133495
227,2016-03-25 15:49:58,34105728,8086.0,2404.0,0,138217
228,2016-03-25 15:50:09,34299248,8131.0,2426.0,0,193520
229,2016-03-25 15:50:19,34420364,8160.0,2426.0,0,121116
230,2016-03-25 15:50:29,34548830,8191.0,2437.0,0,128466
231,2016-03-25 15:50:39,34730232,8234.0,2453.0,0,181402
232,2016-03-25 15:50:50,34878425,8269.0,2463.0,0,148193
233,2016-03-25 15:51:00,35015068,8301.0,2472.0,0,136643
234,2016-03-25 15:51:10,35192103,8343.0,2488.0,0,177035
235,2016-03-25 15:51:20,35318417,8373.0,2495.0,0,126314
236,2016-03-25 15:51:30,35498273,8416.0,2509.0,0,179856
237,2016-03-25 15:51:41,35627764,8446.0,2518.0,0,129491
238,2016-03-25 15:51:51,35795214,8486.0,2527.0,0,167450
239,2016-03-25 15:52:01,35948750,8523.0,2537.0,0,153536
240,2016-03-25 15:52:11,36100247,8558.0,2546.0,0,151497
241,2016-03-25 15:52:22,36247203,8593.0,2560.0,0,146956
242,2016-03-25 15:52:32,36371838,8623.0,2567.0,0,124635
243,2016-03-25 15:52:42,36554656,8666.0,2581.0,0,182818
244,2016-03-25 15:52:53,36711812,8703.0,2595.0,0,157156
245,2016-03-25 15:53:03,36829572,8731.0,2602.0,0,117760
246,2016-03-25 15:53:13,37024109,8778.0,2616.0,0,194537
247,2016-03-25 15:53:23,37131787,8803.0,2620.0,0,107678
248,2016-03-25 15:53:33,37317160,8847.0,2636.0,0,185373
249,2016-03-25 15:53:44,37426366,8873.0,2646.0,0,109206
250,2016-03-25 15:53:54,37557336,8904.0,2650.0,0,130970
251,2016-03-25 15:54:04,37804830,8963.0,2671.0,0,247494
252,2016-03-25 15:54:14,37907348,8987.0,2678.0,0,102518
253,2016-03-25 15:54:25,38093149,9031.0,2690.0,0,185801
254,2016-03-25 15:54:35,38212150,9059.0,2699.0,0,119001
255,2016-03-25 15:54:45,38389904,9102.0,2710.0,0,177754
256,2016-03-25 15:54:55,38548846,9139.0,2720.0,0,158942
257,2016-03-25 15:55:06,38612306,9155.0,2724.0,0,63460
258,2016-03-25 15:55:16,38825711,9205.0,2743.0,0,213405
259,2016-03-25 15:55:26,38979546,9241.0,2754.0,0,153835
260,2016-03-25 15:55:36,39102910,9271.0,2759.0,0,123364
261,2016-03-25 15:55:47,39242303,9303.0,2771.0,0,139393
262,2016-03-25 15:55:57,39396063,9340.0,2780.0,0,153760
263,2016-03-25 15:56:07,39535001,9373.0,2791.0,0,138938
264,2016-03-25 15:56:17,39676922,9407.0,2801.0,0,141921
265,2016-03-25 15:56:27,39818461,9441.0,2815.0,0,141539
266,2016-03-25 15:56:38,39960014,9474.0,2820.0,0,141553
267,2016-03-25 15:56:48,40121795,9512.0,2834.0,0,161781
268,2016-03-25 15:56:58,40316033,9558.0,2847.0,0,194238
269,2016-03-25 15:57:08,40440145,9587.0,2847.0,0,124112
270,2016-03-25 15:57:19,40600540,9625.0,2868.0,0,160395
271,2016-03-25 15:57:29,40747300,9660.0,2878.0,0,146760
272,2016-03-25 15:57:39,40908876,9699.0,2889.0,0,161576
273,2016-03-25 15:57:50,41107108,9746.0,2903.0,0,198232
274,2016-03-25 15:58:00,41199517,9767.0,2910.0,0,92409
275,2016-03-25 15:58:10,41349731,9803.0,2917.0,0,150214
276,2016-03-25 15:58:20,41502784,9840.0,2930.0,0,153053
277,2016-03-25 15:58:31,41662138,9877.0,2942.0,0,159354
278,2016-03-25 15:58:41,41836197,9918.0,2954.0,0,174059
279,2016-03-25 15:58:51,41982385,9954.0,2966.0,0,146188
280,2016-03-25 15:59:01,42164477,9997.0,2977.0,0,182092
281,2016-03-25 15:59:12,42311910,10031.0,2986.0,0,147433
282,2016-03-25 15:59:22,42438629,10061.0,2996.0,0,126719
283,2016-03-25 15:59:32,42554431,10089.0,3005.0,0,115802
284,2016-03-25 15:59:42,42715238,10127.0,3016.0,0,160807
285,2016-03-25 15:59:53,42897855,10170.0,3028.0,0,182617
286,2016-03-25 16:00:03,43058812,10208.0,3037.0,0,160957
287,2016-03-25 16:00:13,43218776,10246.0,3053.0,0,159964
288,2016-03-25 16:00:23,43337939,10274.0,3060.0,0,119163
289,2016-03-25 16:00:34,43491832,10311.0,3070.0,0,153893
290,2016-03-25 16:00:44,43612789,10340.0,3081.0,0,120957
291,2016-03-25 16:00:54,43794060,10383.0,3091.0,0,181271
292,2016-03-25 16:01:04,43886628,10405.0,3100.0,0,92568
293,2016-03-25 16:01:15,44028932,10439.0,3109.0,0,142304
294,2016-03-25 16:01:25,44251389,10491.0,3125.0,0,222457
295,2016-03-25 16:01:35,44406251,10528.0,3137.0,0,154862
296,2016-03-25 16:01:45,44560782,10565.0,3144.0,0,154531
297,2016-03-25 16:01:56,44704877,10599.0,3158.0,0,144095
298,2016-03-25 16:02:06,44822637,10626.0,3158.0,0,117760
299,2016-03-25 16:02:16,44979129,10664.0,3176.0,0,156492
300,2016-03-25 16:02:26,45128707,10699.0,3185.0,0,149578
301,2016-03-25 16:02:36,45273244,10733.0,3199.0,0,144537
302,2016-03-25 16:02:47,45368834,10756.0,3202.0,0,95590
303,2016-03-25 16:02:57,45555640,10801.0,3220.0,0,186806
304,2016-03-25 16:03:07,45699338,10834.0,3225.0,0,143698
305,2016-03-25 16:03:17,45899984,10883.0,3241.0,0,200646
306,2016-03-25 16:03:28,46028812,10912.0,3250.0,0,128828
307,2016-03-25 16:03:38,46169685,10946.0,3260.0,0,140873
308,2016-03-25 16:03:48,46352416,10989.0,3266.0,0,182731
309,2016-03-25 16:03:58,46462282,11015.0,3278.0,0,109866
310,2016-03-25 16:04:09,46600932,11048.0,3287.0,0,138650
311,2016-03-25 16:04:19,46779470,11090.0,3303.0,0,178538
312,2016-03-25 16:04:29,46932063,11127.0,3313.0,0,152593
313,2016-03-25 16:04:39,47063034,11158.0,3320.0,0,130971
314,2016-03-25 16:04:49,47209994,11192.0,3331.0,0,146960
315,2016-03-25 16:05:00,47341754,11224.0,3340.0,0,131760
316,2016-03-25 16:05:10,47522353,11267.0,3357.0,0,180599
317,2016-03-25 16:05:20,47688722,11306.0,3368.0,0,166369
318,2016-03-25 16:05:30,47822615,11338.0,3378.0,0,133893
319,2016-03-25 16:05:41,47934564,11364.0,3378.0,0,111949
320,2016-03-25 16:05:51,48080298,11399.0,3389.0,0,145734
321,2016-03-25 16:06:01,48262090,11442.0,3405.0,0,181792
322,2016-03-25 16:06:11,48384267,11471.0,3415.0,0,122177
323,2016-03-25 16:06:22,48631776,11530.0,3431.0,0,247509
324,2016-03-25 16:06:32,48753953,11559.0,3442.0,0,122177
325,2016-03-25 16:06:42,48918129,11598.0,3456.0,0,164176
326,2016-03-25 16:06:52,49049201,11629.0,3463.0,0,131072
327,2016-03-25 16:07:03,49172076,11658.0,3472.0,0,122875
328,2016-03-25 16:07:13,49346301,11699.0,3484.0,0,174225
329,2016-03-25 16:07:23,49472854,11729.0,3493.0,0,126553
330,2016-03-25 16:07:33,49662107,11774.0,3507.0,0,189253
331,2016-03-25 16:07:44,49815867,11811.0,3514.0,0,153760
332,2016-03-25 16:07:54,49954170,11843.0,3523.0,0,138303
333,2016-03-25 16:08:04,50113339,11881.0,3539.0,0,159169
334,2016-03-25 16:08:14,50281365,11921.0,3551.0,0,168026
335,2016-03-25 16:08:24,50429298,11956.0,3556.0,0,147933
336,2016-03-25 16:08:35,50553576,11985.0,3579.0,0,124278
337,2016-03-25 16:08:45,50735357,12028.0,3586.0,0,181781
338,2016-03-25 16:08:55,50877003,12062.0,3596.0,0,141646
339,2016-03-25 16:09:05,51004959,12092.0,3605.0,0,127956
340,2016-03-25 16:09:16,51163892,12130.0,3614.0,0,158933
341,2016-03-25 16:09:26,51309724,12164.0,3623.0,0,145832
342,2016-03-25 16:09:36,51463617,12201.0,3640.0,0,153893
343,2016-03-25 16:09:46,51610377,12236.0,3647.0,0,146760
344,2016-03-25 16:09:57,51755344,12270.0,3654.0,0,144967
345,2016-03-25 16:10:07,51907477,12306.0,3667.0,0,152133
346,2016-03-25 16:10:17,52037338,12337.0,3674.0,0,129861
347,2016-03-25 16:10:27,52203941,12377.0,3688.0,0,166603
348,2016-03-25 16:10:38,52331815,12407.0,3701.0,0,127874
349,2016-03-25 16:10:48,52510367,12449.0,3711.0,0,178552
350,2016-03-25 16:10:58,52643752,12481.0,3723.0,0,133385
351,2016-03-25 16:11:08,52850955,12530.0,3735.0,0,207203
352,2016-03-25 16:11:18,52979377,12561.0,3744.0,0,128422
353,2016-03-25 16:11:29,53148191,12601.0,3751.0,0,168814
354,2016-03-25 16:11:39,53295309,12636.0,3768.0,0,147118
355,2016-03-25 16:11:49,53442087,12670.0,3774.0,0,146778
356,2016-03-25 16:11:59,53576733,12702.0,3785.0,0,134646
357,2016-03-25 16:12:10,53736980,12740.0,3797.0,0,160247
358,2016-03-25 16:12:20,53878201,12773.0,3806.0,0,141221
359,2016-03-25 16:12:30,54081640,12822.0,3818.0,0,203439
360,2016-03-25 16:12:40,54173682,12844.0,3831.0,0,92042
361,2016-03-25 16:12:51,54342482,12884.0,3841.0,0,168800
362,2016-03-25 16:13:01,54439761,12907.0,3848.0,0,97279
363,2016-03-25 16:13:11,54617297,12949.0,3855.0,0,177536
364,2016-03-25 16:13:21,54796816,12992.0,3871.0,0,179519
365,2016-03-25 16:13:32,54936343,13024.0,3883.0,0,139527
366,2016-03-25 16:13:42,55062106,13054.0,3890.0,0,125763
367,2016-03-25 16:13:52,55192982,13086.0,3896.0,0,130876
368,2016-03-25 16:14:02,55370154,13127.0,3910.0,0,177172
369,2016-03-25 16:14:13,55477314,13153.0,3917.0,0,107160
370,2016-03-25 16:14:23,55627002,13188.0,3929.0,0,149688
371,2016-03-25 16:14:33,55794451,13228.0,3943.0,0,167449
372,2016-03-25 16:14:43,55947987,13264.0,3956.0,0,153536
373,2016-03-25 16:14:54,56086460,13297.0,3964.0,0,138473
374,2016-03-25 16:15:04,56246444,13335.0,3975.0,0,159984
375,2016-03-25 16:15:14,56450019,13384.0,3989.0,0,203575
376,2016-03-25 16:15:24,56594068,13417.0,3996.0,0,144049
377,2016-03-25 16:15:35,56708740,13445.0,4001.0,0,114672
378,2016-03-25 16:15:45,56862717,13481.0,4021.0,0,153977
379,2016-03-25 16:15:55,56962657,13505.0,4024.0,0,99940
380,2016-03-25 16:16:05,57114348,13541.0,4035.0,0,151691
381,2016-03-25 16:16:16,57290251,13583.0,4047.0,0,175903
382,2016-03-25 16:16:26,57429087,13616.0,4057.0,0,138836
383,2016-03-25 16:16:36,57541776,13642.0,4065.0,0,112689
384,2016-03-25 16:16:46,57753966,13693.0,4083.0,0,212190
385,2016-03-25 16:16:56,57919203,13732.0,4091.0,0,165237
386,2016-03-25 16:17:07,58067418,13767.0,4105.0,0,148215
387,2016-03-25 16:17:17,58216097,13802.0,4114.0,0,148679
388,2016-03-25 16:17:27,58329447,13829.0,4114.0,0,113350
389,2016-03-25 16:17:37,58489261,13867.0,4133.0,0,159814
390,2016-03-25 16:17:48,58605063,13894.0,4144.0,0,115802
391,2016-03-25 16:17:58,58781912,13936.0,4151.0,0,176849
392,2016-03-25 16:18:08,58911645,13967.0,4163.0,0,129733
393,2016-03-25 16:18:18,59039601,13997.0,4172.0,0,127956
394,2016-03-25 16:18:29,59261346,14050.0,4186.0,0,221745
395,2016-03-25 16:18:39,59393359,14081.0,4195.0,0,132013
396,2016-03-25 16:18:49,59569160,14123.0,4212.0,0,175801
397,2016-03-25 16:18:59,59690116,14151.0,4218.0,0,120956
398,2016-03-25 16:19:09,59842191,14187.0,4228.0,0,152075
399,2016-03-25 16:19:20,60029286,14232.0,4241.0,0,187095
400,2016-03-25 16:19:30,60184270,14269.0,4251.0,0,154984
401,2016-03-25 16:19:40,60349712,14308.0,4262.0,0,165442
402,2016-03-25 16:19:51,60478127,14338.0,4276.0,0,128415
403,2016-03-25 16:20:01,60652328,14380.0,4285.0,0,174201
404,2016-03-25 16:20:11,60780284,14410.0,4292.0,0,127956
405,2016-03-25 16:20:21,60900540,14439.0,4302.0,0,120256
406,2016-03-25 16:20:32,61074897,14480.0,4306.0,0,174357
407,2016-03-25 16:20:42,61235291,14518.0,4327.0,0,160394
408,2016-03-25 16:20:52,61421481,14562.0,4339.0,0,186190
409,2016-03-25 16:21:02,61563947,14596.0,4348.0,0,142466
410,2016-03-25 16:21:13,61709061,14630.0,4357.0,0,145114
411,2016-03-25 16:21:23,61870301,14668.0,4371.0,0,161240
412,2016-03-25 16:21:33,62074314,14717.0,4383.0,0,204013
413,2016-03-25 16:21:43,62204027,14747.0,4383.0,0,129713
414,2016-03-25 16:21:53,62325143,14776.0,4403.0,0,121116
415,2016-03-25 16:22:04,62476579,14812.0,4415.0,0,151436
416,2016-03-25 16:22:14,62651514,14854.0,4427.0,0,174935
417,2016-03-25 16:22:24,62818373,14894.0,4438.0,0,166859
418,2016-03-25 16:22:35,62959785,14927.0,4447.0,0,141412
419,2016-03-25 16:22:45,63084419,14956.0,4457.0,0,124634
420,2016-03-25 16:22:55,63249346,14996.0,4468.0,0,164927
421,2016-03-25 16:23:05,63376415,15025.0,4478.0,0,127069
422,2016-03-25 16:23:16,63499290,15055.0,4487.0,0,122875
423,2016-03-25 16:23:26,63729382,15109.0,4503.0,0,230092
424,2016-03-25 16:23:36,63859919,15140.0,4512.0,0,130537
425,2016-03-25 16:23:46,63962145,15164.0,4517.0,0,102226
426,2016-03-25 16:23:56,64164408,15212.0,4531.0,0,202263
427,2016-03-25 16:24:07,64319487,15249.0,4545.0,0,155079
428,2016-03-25 16:24:17,64468308,15284.0,4554.0,0,148821
429,2016-03-25 16:24:27,64601791,15316.0,4563.0,0,133483
430,2016-03-25 16:24:37,64720234,15344.0,4575.0,0,118443
431,2016-03-25 16:24:48,64854092,15376.0,4582.0,0,133858
432,2016-03-25 16:24:58,65083130,15430.0,4600.0,0,229038
433,2016-03-25 16:25:08,65218254,15462.0,4607.0,0,135124
434,2016-03-25 16:25:18,65388635,15502.0,4619.0,0,170381
435,2016-03-25 16:25:29,65508681,15531.0,4628.0,0,120046
436,2016-03-25 16:25:39,65730685,15584.0,4644.0,0,222004
437,2016-03-25 16:25:49,65855320,15613.0,4651.0,0,124635
438,2016-03-25 16:25:59,65959641,15638.0,4658.0,0,104321
439,2016-03-25 16:26:10,66125716,15677.0,4667.0,0,166075
440,2016-03-25 16:26:20,66279909,15714.0,4683.0,0,154193
441,2016-03-25 16:26:30,66452087,15755.0,4695.0,0,172178
442,2016-03-25 16:26:40,66598847,15789.0,4704.0,0,146760
443,2016-03-25 16:26:51,66782031,15833.0,4718.0,0,183184
444,2016-03-25 16:27:01,66899791,15861.0,4725.0,0,117760
445,2016-03-25 16:27:11,67026344,15891.0,4737.0,0,126553
446,2016-03-25 16:27:21,67212484,15935.0,4751.0,0,186140
447,2016-03-25 16:27:32,67327201,15962.0,4756.0,0,114717
448,2016-03-25 16:27:42,67505871,16004.0,4774.0,0,178670
449,2016-03-25 16:27:52,67633163,16035.0,4784.0,0,127292
450,2016-03-25 16:28:02,67776727,16069.0,4790.0,0,143564
451,2016-03-25 16:28:12,67982860,16118.0,4800.0,0,206133
452,2016-03-25 16:28:23,68105470,16147.0,4814.0,0,122610
453,2016-03-25 16:28:33,68262453,16184.0,4818.0,0,156983
454,2016-03-25 16:28:43,68410699,16219.0,4834.0,0,148246
455,2016-03-25 16:28:53,68626039,16270.0,4848.0,0,215340
456,2016-03-25 16:29:04,68725712,16294.0,4855.0,0,99673
457,2016-03-25 16:29:14,68899548,16335.0,4872.0,0,173836
458,2016-03-25 16:29:24,69055586,16372.0,4881.0,0,156038
459,2016-03-25 16:29:34,69196524,16405.0,4890.0,0,140938
460,2016-03-25 16:29:45,69372905,16447.0,4902.0,0,176381
461,2016-03-25 16:29:55,69513970,16481.0,4913.0,0,141065
462,2016-03-25 16:30:05,69719682,16529.0,4927.0,0,205712
463,2016-03-25 16:30:15,69862280,16563.0,4939.0,0,142598
464,2016-03-25 16:30:26,69988833,16593.0,4948.0,0,126553
465,2016-03-25 16:30:36,70158653,16633.0,4959.0,0,169820
466,2016-03-25 16:30:46,70311805,16670.0,4971.0,0,153152
467,2016-03-25 16:30:56,70427747,16697.0,4976.0,0,115942
468,2016-03-25 16:31:07,70604439,16739.0,4989.0,0,176692
469,2016-03-25 16:31:17,70766134,16777.0,5001.0,0,161695
470,2016-03-25 16:31:27,70897269,16809.0,5013.0,0,131135
471,2016-03-25 16:31:37,71065730,16848.0,5022.0,0,168461
472,2016-03-25 16:31:48,71201941,16882.0,5033.0,0,136211
473,2016-03-25 16:31:58,71399977,16928.0,5043.0,0,198036
474,2016-03-25 16:32:08,71524646,16958.0,5054.0,0,124669
475,2016-03-25 16:32:19,71649788,16987.0,5066.0,0,125142
476,2016-03-25 16:32:29,71826421,17029.0,5075.0,0,176633
477,2016-03-25 16:32:39,71996188,17069.0,5089.0,0,169767
478,2016-03-25 16:32:49,72152107,17106.0,5098.0,0,155919
479,2016-03-25 16:32:59,72291183,17139.0,5110.0,0,139076
480,2016-03-25 16:33:10,72451637,17178.0,5121.0,0,160454
481,2016-03-25 16:33:20,72600999,17212.0,5128.0,0,149362
482,2016-03-25 16:33:30,72757550,17250.0,5135.0,0,156551
483,2016-03-25 16:33:41,72896852,17283.0,5135.0,0,139302
484,2016-03-25 16:33:51,73085087,17327.0,5165.0,0,188235
485,2016-03-25 16:34:01,73229752,17362.0,5175.0,0,144665
486,2016-03-25 16:34:11,73387692,17399.0,5179.0,0,157940
487,2016-03-25 16:34:22,73531668,17433.0,5193.0,0,143976
488,2016-03-25 16:34:32,73659484,17463.0,5205.0,0,127816
489,2016-03-25 16:34:42,73835180,17505.0,5219.0,0,175696
490,2016-03-25 16:34:52,73977268,17539.0,5228.0,0,142088
491,2016-03-25 16:35:02,74185968,17589.0,5242.0,0,208700
492,2016-03-25 16:35:13,74294903,17615.0,5251.0,0,108935
493,2016-03-25 16:35:23,74502528,17663.0,5267.0,0,207625
494,2016-03-25 16:35:33,74621651,17692.0,5277.0,0,119123
495,2016-03-25 16:35:43,74767385,17726.0,5281.0,0,145734
496,2016-03-25 16:35:54,74912811,17761.0,5295.0,0,145426
497,2016-03-25 16:36:04,75088827,17802.0,5307.0,0,176016
498,2016-03-25 16:36:14,75282169,17848.0,5323.0,0,193342
499,2016-03-25 16:36:24,75397488,17875.0,5327.0,0,115319
500,2016-03-25 16:36:35,75554702,17913.0,5341.0,0,157214
501,2016-03-25 16:36:45,75701462,17948.0,5348.0,0,146760
502,2016-03-25 16:36:55,75853682,17984.0,5362.0,0,152220
503,2016-03-25 16:37:05,75946856,18006.0,5367.0,0,93174
504,2016-03-25 16:37:15,76123330,18048.0,5378.0,0,176474
505,2016-03-25 16:37:26,76287440,18086.0,5391.0,0,164110
506,2016-03-25 16:37:36,76492852,18135.0,5399.0,0,205412
507,2016-03-25 16:37:46,76645228,18172.0,5415.0,0,152376
508,2016-03-25 16:37:56,76799864,18208.0,5427.0,0,154636
509,2016-03-25 16:38:07,76917510,18236.0,5436.0,0,117646
510,2016-03-25 16:38:17,77040807,18265.0,5441.0,0,123297
511,2016-03-25 16:38:27,77241500,18313.0,5457.0,0,200693
512,2016-03-25 16:38:37,77377633,18345.0,5464.0,0,136133
513,2016-03-25 16:38:47,77513492,18378.0,5478.0,0,135859
514,2016-03-25 16:38:58,77678424,18416.0,5489.0,0,164932
515,2016-03-25 16:39:08,77843659,18456.0,5503.0,0,165235
516,2016-03-25 16:39:18,77983018,18488.0,5510.0,0,139359
517,2016-03-25 16:39:28,78098859,18516.0,5520.0,0,115841
518,2016-03-25 16:39:39,78277471,18558.0,5531.0,0,178612
519,2016-03-25 16:39:49,78428906,18594.0,5540.0,0,151435
520,2016-03-25 16:39:59,78579142,18630.0,5552.0,0,150236
521,2016-03-25 16:40:09,78680803,18654.0,5559.0,0,101661
522,2016-03-25 16:40:20,78868726,18699.0,5573.0,0,187923
523,2016-03-25 16:40:30,78981237,18725.0,5584.0,0,112511
524,2016-03-25 16:40:40,79218849,18782.0,5598.0,0,237612
525,2016-03-25 16:40:50,79343049,18811.0,5607.0,0,124200
526,2016-03-25 16:41:01,79488310,18846.0,5617.0,0,145261
527,2016-03-25 16:41:11,79651643,18884.0,5628.0,0,163333
528,2016-03-25 16:41:21,79796644,18918.0,5635.0,0,145001
529,2016-03-25 16:41:31,79910261,18945.0,5649.0,0,113617
530,2016-03-25 16:41:42,80075169,18985.0,5654.0,0,164908
531,2016-03-25 16:41:52,80267819,19030.0,5675.0,0,192650
532,2016-03-25 16:42:02,80418419,19066.0,5684.0,0,150600
533,2016-03-25 16:42:12,80541137,19095.0,5691.0,0,122718
534,2016-03-25 16:42:22,80665448,19125.0,5702.0,0,124311
535,2016-03-25 16:42:33,80873115,19174.0,5714.0,0,207667
536,2016-03-25 16:42:43,81017592,19208.0,5728.0,0,144477
537,2016-03-25 16:42:53,81196981,19251.0,5737.0,0,179389
538,2016-03-25 16:43:03,81338246,19285.0,5749.0,0,141265
539,2016-03-25 16:43:14,81462851,19314.0,5756.0,0,124605
540,2016-03-25 16:43:24,81632392,19354.0,5767.0,0,169541
541,2016-03-25 16:43:34,81760298,19384.0,5777.0,0,127906
542,2016-03-25 16:43:44,81933112,19425.0,5786.0,0,172814
543,2016-03-25 16:43:54,82084443,19461.0,5802.0,0,151331
544,2016-03-25 16:44:05,82229410,19495.0,5807.0,0,144967
545,2016-03-25 16:44:15,82379624,19531.0,5818.0,0,150214
546,2016-03-25 16:44:25,82543884,19570.0,5832.0,0,164260
547,2016-03-25 16:44:36,82685694,19603.0,5843.0,0,141810
548,2016-03-25 16:44:46,82803414,19631.0,5851.0,0,117720
549,2016-03-25 16:44:56,83016911,19682.0,5869.0,0,213497
550,2016-03-25 16:45:06,83158688,19716.0,5876.0,0,141777
551,2016-03-25 16:45:16,83346667,19760.0,5890.0,0,187979
552,2016-03-25 16:45:27,83495227,19796.0,5897.0,0,148560
553,2016-03-25 16:45:37,83652560,19833.0,5914.0,0,157333
554,2016-03-25 16:45:47,83771440,19862.0,5923.0,0,118880
555,2016-03-25 16:45:57,83948195,19903.0,5937.0,0,176755
556,2016-03-25 16:46:08,84098779,19939.0,5946.0,0,150584
557,2016-03-25 16:46:18,84228576,19969.0,5954.0,0,129797
558,2016-03-25 16:46:28,84372831,20004.0,5967.0,0,144255
559,2016-03-25 16:46:38,84518771,20038.0,5978.0,0,145940
560,2016-03-25 16:46:49,84641232,20067.0,5983.0,0,122461
561,2016-03-25 16:46:59,84824867,20111.0,5997.0,0,183635
562,2016-03-25 16:47:09,84991285,20150.0,6008.0,0,166418
563,2016-03-25 16:47:19,85111498,20179.0,6015.0,0,120213
564,2016-03-25 16:47:30,85284688,20220.0,6027.0,0,173190
565,2016-03-25 16:47:40,85422756,20252.0,6042.0,0,138068
566,2016-03-25 16:47:50,85576068,20289.0,6050.0,0,153312
567,2016-03-25 16:48:00,85730205,20326.0,6057.0,0,154137
568,2016-03-25 16:48:11,85873628,20359.0,6069.0,0,143423
569,2016-03-25 16:48:21,86052284,20402.0,6082.0,0,178656
570,2016-03-25 16:48:31,86211202,20439.0,6094.0,0,158918
571,2016-03-25 16:48:41,86360104,20475.0,6106.0,0,148902
572,2016-03-25 16:48:52,86510750,20510.0,6115.0,0,150646
573,2016-03-25 16:49:02,86664286,20547.0,6126.0,0,153536
574,2016-03-25 16:49:12,86834576,20587.0,6140.0,0,170290
575,2016-03-25 16:49:23,86986555,20624.0,6150.0,0,151979
576,2016-03-25 16:49:33,87113931,20653.0,6156.0,0,127376
577,2016-03-25 16:49:44,87251430,20687.0,6170.0,0,137499
578,2016-03-25 16:49:54,87415793,20725.0,6180.0,0,164363
579,2016-03-25 16:50:04,87589244,20766.0,6189.0,0,173451
580,2016-03-25 16:50:14,87723795,20798.0,6201.0,0,134551
581,2016-03-25 16:50:25,87864918,20831.0,6210.0,0,141123
582,2016-03-25 16:50:35,88044258,20874.0,6224.0,0,179340
583,2016-03-25 16:50:45,88219870,20916.0,6235.0,0,175612
584,2016-03-25 16:50:55,88335119,20943.0,6240.0,0,115249
585,2016-03-25 16:51:06,88523815,20988.0,6256.0,0,188696
586,2016-03-25 16:51:16,88680889,21025.0,6265.0,0,157074
587,2016-03-25 16:51:26,88832960,21061.0,6277.0,0,152071
588,2016-03-25 16:51:36,88988713,21098.0,6284.0,0,155753
589,2016-03-25 16:51:47,89133680,21132.0,6302.0,0,144967
590,2016-03-25 16:51:57,89283762,21168.0,6307.0,0,150082
591,2016-03-25 16:52:07,89417552,21200.0,6321.0,0,133790
592,2016-03-25 16:52:17,89544935,21230.0,6330.0,0,127383
593,2016-03-25 16:52:27,89736811,21275.0,6339.0,0,191876
594,2016-03-25 16:52:38,89918466,21318.0,6356.0,0,181655
595,2016-03-25 16:52:48,90014799,21341.0,6366.0,0,96333
596,2016-03-25 16:52:58,90212693,21388.0,6376.0,0,197894
597,2016-03-25 16:53:08,90308730,21411.0,6386.0,0,96037
598,2016-03-25 16:53:18,90402049,21433.0,6393.0,0,93319
599,2016-03-25 16:53:29,90490070,21454.0,6397.0,0,88021
600,2016-03-25 16:53:39,90579923,21475.0,6402.0,0,89853
601,2016-03-25 16:53:49,90698920,21503.0,6414.0,0,118997
602,2016-03-25 16:53:59,90757320,21517.0,6416.0,0,58400
603,2016-03-25 16:54:09,90876317,21545.0,6425.0,0,118997
604,2016-03-25 16:54:19,90965792,21567.0,6432.0,0,89475
605,2016-03-25 16:54:30,91080209,21594.0,6434.0,0,114417
606,2016-03-25 16:54:40,91148362,21610.0,6441.0,0,68153
607,2016-03-25 16:54:50,91270540,21639.0,6454.0,0,122178
608,2016-03-25 16:55:00,91359213,21660.0,6460.0,0,88673
609,2016-03-25 16:55:10,91446871,21681.0,6467.0,0,87658
610,2016-03-25 16:55:20,91565868,21709.0,6469.0,0,118997
611,2016-03-25 16:55:31,91655285,21730.0,6481.0,0,89417
612,2016-03-25 16:55:41,91748604,21752.0,6488.0,0,93319
613,2016-03-25 16:55:51,91838021,21773.0,6494.0,0,89417
614,2016-03-25 16:56:01,91907123,21790.0,6497.0,0,69102
615,2016-03-25 16:56:11,92024094,21817.0,6506.0,0,116971
616,2016-03-25 16:56:21,92109089,21838.0,6513.0,0,84995
617,2016-03-25 16:56:32,92228086,21866.0,6518.0,0,118997
618,2016-03-25 16:56:42,92287544,21880.0,6525.0,0,59458
619,2016-03-25 16:56:52,92413051,21910.0,6535.0,0,125507
620,2016-03-25 16:57:02,92524216,21936.0,6539.0,0,111165
621,2016-03-25 16:57:12,92616069,21958.0,6548.0,0,91853
622,2016-03-25 16:57:22,92679964,21973.0,6552.0,0,63895
623,2016-03-25 16:57:32,92798266,22001.0,6562.0,0,118302
624,2016-03-25 16:57:43,92879585,22020.0,6562.0,0,81319
625,2016-03-25 16:57:53,93001938,22049.0,6575.0,0,122353
626,2016-03-25 16:58:03,93091803,22071.0,6580.0,0,89865
627,2016-03-25 16:58:13,93181278,22092.0,6587.0,0,89475
628,2016-03-25 16:58:23,93181278,22092.0,6587.0,0,0
629,2016-03-25 16:58:34,93181278,22092.0,6587.0,0,0
630,2016-03-25 16:58:44,93181278,22092.0,6587.0,0,0
631,2016-03-25 16:58:54,93181278,22092.0,6589.0,0,0
632,2016-03-25 16:59:04,93181278,22092.0,6589.0,0,0
633,2016-03-25 16:59:15,93181278,22092.0,6589.0,0,0
634,2016-03-25 16:59:25,93181278,22092.0,6589.0,0,0
635,2016-03-25 16:59:35,93181278,22092.0,6589.0,0,0
636,2016-03-25 16:59:46,93181278,22092.0,6589.0,0,0
637,2016-03-25 16:59:56,93181278,22092.0,6589.0,0,0
638,2016-03-25 17:00:06,93181278,22092.0,6589.0,0,0
639,2016-03-25 17:00:17,93181278,22092.0,6589.0,0,0
640,2016-03-25 17:00:27,93181278,22092.0,6589.0,0,0
641,2016-03-25 17:00:37,93181278,22092.0,6589.0,0,0
642,2016-03-25 17:00:48,93181278,22092.0,6589.0,0,0
643,2016-03-25 17:00:58,93181278,22092.0,6589.0,0,0
644,2016-03-25 17:01:08,93181278,22092.0,6589.0,0,0
645,2016-03-25 17:01:18,93181278,22092.0,6589.0,0,0
646,2016-03-25 17:01:29,93181278,22092.0,6589.0,0,0
647,2016-03-25 17:01:39,93181278,22092.0,6589.0,0,0
648,2016-03-25 17:01:49,93181278,22092.0,6589.0,0,0
649,2016-03-25 17:01:59,93181278,22092.0,6589.0,0,0
650,2016-03-25 17:02:10,93181278,22092.0,6589.0,0,0
651,2016-03-25 17:02:20,93181278,22092.0,6589.0,0,0
652,2016-03-25 17:02:30,93181278,22092.0,6589.0,0,0
653,2016-03-25 17:02:41,93181278,22092.0,6589.0,0,0
654,2016-03-25 17:02:51,93181278,22092.0,6589.0,0,0
655,2016-03-25 17:03:01,93181278,22092.0,6589.0,0,0
656,2016-03-25 17:03:12,93181278,22092.0,6589.0,0,0
657,2016-03-25 17:03:22,93181278,22092.0,6589.0,0,0
658,2016-03-25 17:03:32,93181278,22092.0,6589.0,0,0
659,2016-03-25 17:03:42,93181278,22092.0,6589.0,0,0
660,2016-03-25 17:03:53,93181278,22092.0,6589.0,0,0
661,2016-03-25 17:04:03,93181278,22092.0,6589.0,0,0
662,2016-03-25 17:04:13,93181278,22092.0,6589.0,0,0
663,2016-03-25 17:04:24,93181278,22092.0,6589.0,0,0
664,2016-03-25 17:04:34,93181278,22092.0,6589.0,0,0
665,2016-03-25 17:04:44,93181278,22092.0,6589.0,0,0
666,2016-03-25 17:04:54,93181278,22092.0,6589.0,0,0
667,2016-03-25 17:05:05,93181278,22092.0,6589.0,0,0
668,2016-03-25 17:05:15,93181278,22092.0,6589.0,0,0
669,2016-03-25 17:05:25,93181278,22092.0,6589.0,0,0
670,2016-03-25 17:05:36,93181278,22092.0,6589.0,0,0
671,2016-03-25 17:05:46,93181278,22092.0,6589.0,0,0
672,2016-03-25 17:05:56,93181278,22092.0,6589.0,0,0
673,2016-03-25 17:06:06,93181278,22092.0,6589.0,0,0
674,2016-03-25 17:06:17,93181278,22092.0,6589.0,0,0
675,2016-03-25 17:06:27,93181278,22092.0,6589.0,0,0
676,2016-03-25 17:06:37,93181278,22092.0,6589.0,0,0
677,2016-03-25 17:06:48,93181278,22092.0,6589.0,0,0
678,2016-03-25 17:06:58,93181278,22092.0,6589.0,0,0
679,2016-03-25 17:07:08,93181278,22092.0,6589.0,0,0
680,2016-03-25 17:07:19,93181278,22092.0,6589.0,0,0
681,2016-03-25 17:07:29,93181278,22092.0,6589.0,0,0
682,2016-03-25 17:07:39,93181278,22092.0,6589.0,0,0
683,2016-03-25 17:07:50,93181278,22092.0,6589.0,0,0
684,2016-03-25 17:08:00,93181278,22092.0,6589.0,0,0
685,2016-03-25 17:08:10,93181278,22092.0,6589.0,0,0
686,2016-03-25 17:08:20,93181278,22092.0,6589.0,0,0
687,2016-03-25 17:08:31,93181278,22092.0,6589.0,0,0
688,2016-03-25 17:08:41,93181278,22092.0,6589.0,0,0
689,2016-03-25 17:08:51,93181278,22092.0,6589.0,0,0
690,2016-03-25 17:09:02,93181278,22092.0,6589.0,0,0
691,2016-03-25 17:09:12,93181278,22092.0,6589.0,0,0
692,2016-03-25 17:09:22,93181278,22092.0,6589.0,0,0
693,2016-03-25 17:09:32,93181278,22092.0,6589.0,0,0
694,2016-03-25 17:09:43,93181278,22092.0,6589.0,0,0
695,2016-03-25 17:09:53,93181278,22092.0,6589.0,0,0
696,2016-03-25 17:10:03,93181278,22092.0,6589.0,0,0
697,2016-03-25 17:10:13,93181278,22092.0,6589.0,0,0
698,2016-03-25 17:10:24,93181278,22092.0,6589.0,0,0
699,2016-03-25 17:10:34,93181278,22092.0,6589.0,0,0
700,2016-03-25 17:10:44,93181278,22092.0,6589.0,0,0
701,2016-03-25 17:10:55,93181278,22092.0,6589.0,0,0
702,2016-03-25 17:11:05,93181278,22092.0,6589.0,0,0
703,2016-03-25 17:11:15,93181278,22092.0,6589.0,0,0
704,2016-03-25 17:11:25,93181278,22092.0,6589.0,0,0
705,2016-03-25 17:11:36,93181278,22092.0,6589.0,0,0
706,2016-03-25 17:11:46,93181278,22092.0,6589.0,0,0
707,2016-03-25 17:11:56,93181278,22092.0,6589.0,0,0
708,2016-03-25 17:12:07,93181278,22092.0,6589.0,0,0
709,2016-03-25 17:12:17,93181278,22092.0,6589.0,0,0
710,2016-03-25 17:12:27,93181278,22092.0,6589.0,0,0
711,2016-03-25 17:12:37,93181278,22092.0,6589.0,0,0
712,2016-03-25 17:12:48,93181278,22092.0,6589.0,0,0
713,2016-03-25 17:12:58,93181278,22092.0,6589.0,0,0
714,2016-03-25 17:13:08,93181278,22092.0,6589.0,0,0
715,2016-03-25 17:13:18,93181278,22092.0,6589.0,0,0
716,2016-03-25 17:13:29,93181278,22092.0,6589.0,0,0
717,2016-03-25 17:13:39,93181278,22092.0,6589.0,0,0
718,2016-03-25 17:13:49,93181278,22092.0,6589.0,0,0
719,2016-03-25 17:14:00,93181278,22092.0,6589.0,0,0
720,2016-03-25 17:14:10,93181278,22092.0,6589.0,0,0
721,2016-03-25 17:14:20,93181278,22092.0,6589.0,0,0
722,2016-03-25 17:14:31,93181278,22092.0,6589.0,0,0
723,2016-03-25 17:14:41,93181278,22092.0,6589.0,0,0
724,2016-03-25 17:14:51,93181278,22092.0,6589.0,0,0
725,2016-03-25 17:15:01,93181278,22092.0,6589.0,0,0
726,2016-03-25 17:15:12,93181278,22092.0,6589.0,0,0
727,2016-03-25 17:15:22,93181278,22092.0,6589.0,0,0
728,2016-03-25 17:15:32,93181278,22092.0,6589.0,0,0
729,2016-03-25 17:15:43,93181278,22092.0,6589.0,0,0
730,2016-03-25 17:15:53,93181278,22092.0,6589.0,0,0
731,2016-03-25 17:16:03,93181278,22092.0,6589.0,0,0
732,2016-03-25 17:16:14,93181278,22092.0,6589.0,0,0
733,2016-03-25 17:16:24,93181278,22092.0,6589.0,0,0
734,2016-03-25 17:16:34,93181278,22092.0,6589.0,0,0
735,2016-03-25 17:16:44,93181278,22092.0,6589.0,0,0
736,2016-03-25 17:16:55,93181278,22092.0,6589.0,0,0
737,2016-03-25 17:17:05,93181278,22092.0,6589.0,0,0
738,2016-03-25 17:17:15,93181278,22092.0,6589.0,0,0
739,2016-03-25 17:17:25,93181278,22092.0,6589.0,0,0
740,2016-03-25 17:17:36,93181278,22092.0,6589.0,0,0
741,2016-03-25 17:17:46,93181278,22092.0,6589.0,0,0
742,2016-03-25 17:17:56,93181278,22092.0,6589.0,0,0
743,2016-03-25 17:18:06,93181278,22092.0,6589.0,0,0
744,2016-03-25 17:18:17,93181278,22092.0,6589.0,0,0
745,2016-03-25 17:18:27,93181278,22092.0,6589.0,0,0
746,2016-03-25 17:18:37,93181278,22092.0,6589.0,0,0
747,2016-03-25 17:18:48,93181278,22092.0,6589.0,0,0
748,2016-03-25 17:18:58,93181278,22092.0,6589.0,0,0
749,2016-03-25 17:19:08,93181278,22092.0,6589.0,0,0
750,2016-03-25 17:19:19,93181278,22092.0,6589.0,0,0
751,2016-03-25 17:19:29,93181278,22092.0,6589.0,0,0
752,2016-03-25 17:19:39,93181278,22092.0,6589.0,0,0
753,2016-03-25 17:19:49,93181278,22092.0,6589.0,0,0
754,2016-03-25 17:20:00,93181278,22092.0,6589.0,0,0
755,2016-03-25 17:20:10,93181278,22092.0,6589.0,0,0
756,2016-03-25 17:20:20,93181278,22092.0,6589.0,0,0
757,2016-03-25 17:20:31,93181278,22092.0,6589.0,0,0
758,2016-03-25 17:20:41,93181278,22092.0,6589.0,0,0
759,2016-03-25 17:20:51,93181278,22092.0,6589.0,0,0
760,2016-03-25 17:21:01,93181278,22092.0,6589.0,0,0
761,2016-03-25 17:21:12,93181278,22092.0,6589.0,0,0
762,2016-03-25 17:21:22,93181278,22092.0,6589.0,0,0
763,2016-03-25 17:21:32,93181278,22092.0,6589.0,0,0
764,2016-03-25 17:21:42,93181278,22092.0,6589.0,0,0
765,2016-03-25 17:21:53,93181278,22092.0,6589.0,0,0
766,2016-03-25 17:22:03,93181278,22092.0,6589.0,0,0
767,2016-03-25 17:22:13,93181278,22092.0,6589.0,0,0
768,2016-03-25 17:22:24,93181278,22092.0,6589.0,0,0
769,2016-03-25 17:22:34,93181278,22092.0,6589.0,0,0
770,2016-03-25 17:22:44,93181278,22092.0,6589.0,0,0
771,2016-03-25 17:22:54,93181278,22092.0,6589.0,0,0
772,2016-03-25 17:23:05,93181278,22092.0,6589.0,0,0
773,2016-03-25 17:23:15,93181278,22092.0,6589.0,0,0
774,2016-03-25 17:23:25,93181278,22092.0,6589.0,0,0
775,2016-03-25 17:23:36,93181278,22092.0,6589.0,0,0
776,2016-03-25 17:23:46,93181278,22092.0,6589.0,0,0
777,2016-03-25 17:23:56,93181278,22092.0,6589.0,0,0
778,2016-03-25 17:24:07,93181278,22092.0,6589.0,0,0
779,2016-03-25 17:24:17,93181278,22092.0,6589.0,0,0
780,2016-03-25 17:24:27,93181278,22092.0,6589.0,0,0
781,2016-03-25 17:24:37,93181278,22092.0,6589.0,0,0
782,2016-03-25 17:24:48,93181278,22092.0,6589.0,0,0
783,2016-03-25 17:24:58,93181278,22092.0,6589.0,0,0
784,2016-03-25 17:25:08,93181278,22092.0,6589.0,0,0
785,2016-03-25 17:25:19,93181278,22092.0,6589.0,0,0
786,2016-03-25 17:25:29,93181278,22092.0,6589.0,0,0
787,2016-03-25 17:25:39,93181278,22092.0,6589.0,0,0
788,2016-03-25 17:25:49,93181278,22092.0,6589.0,0,0
789,2016-03-25 17:26:00,93181278,22092.0,6589.0,0,0
790,2016-03-25 17:26:10,93181278,22092.0,6589.0,0,0
791,2016-03-25 17:26:20,93181278,22092.0,6589.0,0,0
792,2016-03-25 17:26:31,93181278,22092.0,6589.0,0,0
793,2016-03-25 17:26:41,93181278,22092.0,6589.0,0,0
794,2016-03-25 17:26:51,93181278,22092.0,6589.0,0,0
795,2016-03-25 17:27:02,93181278,22092.0,6589.0,0,0
796,2016-03-25 17:27:12,93181278,22092.0,6589.0,0,0
797,2016-03-25 17:27:22,93181278,22092.0,6589.0,0,0
798,2016-03-25 17:27:32,93181278,22092.0,6589.0,0,0
799,2016-03-25 17:27:43,93181278,22092.0,6589.0,0,0
800,2016-03-25 17:27:53,93181278,22092.0,6589.0,0,0
801,2016-03-25 17:28:03,93181278,22092.0,6589.0,0,0
802,2016-03-25 17:28:14,93181278,22092.0,6589.0,0,0
803,2016-03-25 17:28:24,93181278,22092.0,6589.0,0,0
804,2016-03-25 17:28:34,93181278,22092.0,6589.0,0,0
805,2016-03-25 17:28:44,93181278,22092.0,6589.0,0,0
806,2016-03-25 17:28:55,93181278,22092.0,6589.0,0,0
807,2016-03-25 17:29:05,93181278,22092.0,6589.0,0,0
808,2016-03-25 17:29:15,93181278,22092.0,6589.0,0,0
809,2016-03-25 17:29:25,93181278,22092.0,6589.0,0,0
810,2016-03-25 17:29:36,93181278,22092.0,6589.0,0,0
811,2016-03-25 17:29:46,93181278,22092.0,6589.0,0,0
812,2016-03-25 17:29:56,93181278,22092.0,6589.0,0,0
813,2016-03-25 17:30:06,93181278,22092.0,6589.0,0,0
